INSERT INTO categorias (nivel) values (1);
INSERT INTO categorias (nivel) values (2);
INSERT INTO categorias (nivel) values (3);
INSERT INTO categorias (nivel) values (4);
INSERT INTO categorias (nivel) values (5);

INSERT INTO preguntas (id, texto, categoria_id) values (1, '¿Cuál es la forma tradicional apropiada para dirigirse a un juez en Estados Unidos?', 1);
INSERT INTO preguntas (id, texto, categoria_id) values (2, '¿Cuáles de estas aplicaciones ofrecen más o menos el mismo tipo de servicio?', 1);
INSERT INTO preguntas (id, texto, categoria_id) values (3, 'En un restaurante, si alguien "invita", ¿qué hace?', 1);
INSERT INTO preguntas (id, texto, categoria_id) values (4, '¿En cuál de estas películas Whoopi Goldberg aparece vestida de monja?', 1);
INSERT INTO preguntas (id, texto, categoria_id) values (5, '¿Si alguien pide ver tu identificación, ¿qué puedes mostrarle?', 1);
INSERT INTO preguntas (id, texto, categoria_id) values (6, '¿Quién escribió la novela "100 años de Soledad"?', 2);
INSERT INTO preguntas (id, texto, categoria_id) values (7, '¿Cuántas cuerdas suele tener un bajo eléctrico?', 2);
INSERT INTO preguntas (id, texto, categoria_id) values (8, '¿Qué órgano es el encargado de fabricar insulina?', 2);
INSERT INTO preguntas (id, texto, categoria_id) values (9, '¿Con que otro nombre se conoce a la piel?', 2);
INSERT INTO preguntas (id, texto, categoria_id) values (10, '¿Qué es el caracol?', 2);
INSERT INTO preguntas (id, texto, categoria_id) values (11, '¿Qué cambio de estado ocurre en la sublimación?', 3);
INSERT INTO preguntas (id, texto, categoria_id) values (12, '¿Cuántas caras tiene un icosaedro?', 3);
INSERT INTO preguntas (id, texto, categoria_id) values (13, '¿Qué es el calostro?', 3);
INSERT INTO preguntas (id, texto, categoria_id) values (14, '¿Qué sonido hace un elefante?', 3);
INSERT INTO preguntas (id, texto, categoria_id) values (15, '¿Cuál es el nombre del compuesto cuya formula es H2SO4?', 3);
INSERT INTO preguntas (id, texto, categoria_id) values (16, '¿Quién fue uno de los escritores más destacados de la época del romanticismo?', 4);
INSERT INTO preguntas (id, texto, categoria_id) values (17, '¿Quién pinto La Gioconda?', 4);
INSERT INTO preguntas (id, texto, categoria_id) values (18, '¿De qué nacionalidad era Leonardo Da Vinci?', 4);
INSERT INTO preguntas (id, texto, categoria_id) values (19, '¿De qué están formadas las estrellas?', 4);
INSERT INTO preguntas (id, texto, categoria_id) values (20, '¿Quién es considerado el padre de la genética?', 4);
INSERT INTO preguntas (id, texto, categoria_id) values (21, '¿Qué nombre nunca ha adoptado un papa?', 5);
INSERT INTO preguntas (id, texto, categoria_id) values (22, '¿Qué tipo de caballería estaba destinada tanto para acciones militares, ecuestres y patrullajes?', 5);
INSERT INTO preguntas (id, texto, categoria_id) values (23, '¿Qué novela escribió James Fenimore Cooper en una discusión con su esposa?', 5);
INSERT INTO preguntas (id, texto, categoria_id) values (24, '¿A qué cosa también se lo conoce como Dalle?', 5);
INSERT INTO preguntas (id, texto, categoria_id) values (25, '¿Cuántos mares rodean la península de los Balcanes?', 5);

INSERT INTO opciones (id, texto, opcion_correcta, pregunta_id) values (1, 'A. Su santidad B. Su señoría  C. Su eminencia D. ¡Mi amigo!', 'B', 1);
INSERT INTO opciones (id, texto, opcion_correcta, pregunta_id) values (2, 'A. Snapchat y Grubhub B. Whatsapp y SHAREit C. TikTok y Spotify D. Lyft y Uber ', 'D', 2);
INSERT INTO opciones (id, texto, opcion_correcta, pregunta_id) values (3, 'A. Besa la cuenta B. Rompe la cuenta C. Espera "tener suerte" D. Paga la cuenta ', 'D', 3);
INSERT INTO opciones (id, texto, opcion_correcta, pregunta_id) values (4, 'A. Cambio de hábito B. Ghost C. El color púrpura D. How Judas Got His Groove Back', 'A', 4);
INSERT INTO opciones (id, texto, opcion_correcta, pregunta_id) values (5, 'A. La lengua B. Los dientes C. El pasaporte  D. La salida', 'C', 5);
INSERT INTO opciones (id, texto, opcion_correcta, pregunta_id) values (6, 'A. Jairo Anibal Niño B. Rafael Pombo C. Gabriel García Márquez D. Pablo Neruda', 'C', 6);
INSERT INTO opciones (id, texto, opcion_correcta, pregunta_id) values (7, 'A. Seis B. Tres C. Siete D. Cuato', 'D', 7);
INSERT INTO opciones (id, texto, opcion_correcta, pregunta_id) values (8, 'A. Estomago B. Pancreas C. Riñon D. Higado', 'B', 8);
INSERT INTO opciones (id, texto, opcion_correcta, pregunta_id) values (9, 'A. Melanina B. Dermis C. Peridermis D. Epidermis- ', 'D', 9);
INSERT INTO opciones (id, texto, opcion_correcta, pregunta_id) values (10, 'A. Un Reptil B. Un Molusco C. Un Crustaceo D. Un Equinodermo', 'C', 10);
INSERT INTO opciones (id, texto, opcion_correcta, pregunta_id) values (11, 'A. De sólido a líquido B. De sólido a gaseoso C. De gaseoso a líquido D. De líquido a solido', 'B', 11);
INSERT INTO opciones (id, texto, opcion_correcta, pregunta_id) values (12, 'A. 20  B. 16 C. 8 D. 24', 'A', 12);
INSERT INTO opciones (id, texto, opcion_correcta, pregunta_id) values (13, 'A. Un hueso de la espina dorsal B. Una hormona C. Una parte del intestino grueso D. La primera leche materna ', 'D', 13);
INSERT INTO opciones (id, texto, opcion_correcta, pregunta_id) values (14, 'A. Brugen B. Gruñen C. Baritan  D. Gritan', 'C', 14);
INSERT INTO opciones (id, texto, opcion_correcta, pregunta_id) values (15, 'A. Ácido sulfuroso B. Ácido sulfúrico  C. Ácido sulfhídrico D. Anhídrido sulfuroso', 'B', 15);
INSERT INTO opciones (id, texto, opcion_correcta, pregunta_id) values (16, 'A. Adolfo Becquer B.  Antonio Machado C.  Karl Marx D.  Gabriel García Márquez', 'A', 16);
INSERT INTO opciones (id, texto, opcion_correcta, pregunta_id) values (17, 'A. Salvador Dali B. Pablo Picasso C. Leonardo Da Vinci D. Frida Kahlo', 'C', 17);
INSERT INTO opciones (id, texto, opcion_correcta, pregunta_id) values (18, 'A. Frances B. Italiano C. Portuguez D. Español', 'C', 18);
INSERT INTO opciones (id, texto, opcion_correcta, pregunta_id) values (19, 'A. De oxigeno y helio B. De hidrogeno y helio C. De nitrogeno y helio D. De hidrogeno y nitrogrno', 'B', 19);
INSERT INTO opciones (id, texto, opcion_correcta, pregunta_id) values (20, 'A. Louis Pasteur B. Galeno de Pérgamo C. Charles Darwin D. Gregor Mendel ', 'D', 20);
INSERT INTO opciones (id, texto, opcion_correcta, pregunta_id) values (21, 'A. Valentín B. Eugenio C. Gregorio D. Jorge', 'D', 21);
INSERT INTO opciones (id, texto, opcion_correcta, pregunta_id) values (22, 'A. Coracero B. Ulano C. Dragón D. Húsar', 'C', 22);
INSERT INTO opciones (id, texto, opcion_correcta, pregunta_id) values (23, 'A. “Precaución” B. “Los pioneros” C. “El último mohicano” D. “El cazador de ciervos”', 'A', 23);
INSERT INTO opciones (id, texto, opcion_correcta, pregunta_id) values (24, 'A. Máquina segadora B. Sombrero C. Enfermedad D. Horno', 'A', 24);
INSERT INTO opciones (id, texto, opcion_correcta, pregunta_id) values (25, 'A. 3 B. 4 C. 5 D. 6', 'D', 25);